57.367579,65.827364,78.748541,86.033112,93.761729,1,68.153949,16,95
81.403464,87.856918,94.22097,103.952866,111.128247,1,70.76979,15,104
74.723764,81.970377,95.460133,109.150332,119.851524,0,65.420719,15,107
71.140532,80.380633,88.242737,97.833874,101.864524,1,68.856482,14,121
70.144316,79.067398,85.163361,92.07181,101.847943,1,69.837773,17,112
71.725941,84.232623,86.16043,88.208689,94.865699,0,67.478423,19,69
62.076536,72.438736,77.862842,82.390839,90.037696,1,68.72086,17,104
70.735269,78.494285,88.259428,97.832268,106.819207,0,70.583918,16,102
74.357445,82.951148,93.787593,102.247007,117.607938,0,70.013192,15,80
68.417394,87.287725,97.641622,110.145784,120.884765,0,66.800417,15,94
67.630239,72.240602,80.121991,83.155131,94.008227,1,70.195941,19,92
42.228949,63.227365,67.884574,79.4299,94.335744,1,71.372854,14,79
68.054547,75.765518,87.152096,95.924045,100.170065,0,69.035444,15,73
68.785173,80.086815,89.436669,95.57186,99.388725,1,69.442317,15,101
77.949142,87.764968,104.209116,110.324296,122.486223,1,66.793395,15,97
65.244705,69.48644,79.842519,85.29011,91.964671,0,63.632608,15,94
71.094337,73.431517,80.875536,88.129987,91.555034,0,68.306765,15,89
75.698255,77.815195,83.235196,88.183713,96.548348,1,69.107148,15,96
68.367011,81.070785,91.222202,99.867777,110.489432,0,68.578908,17,141
62.945505,74.543712,86.302012,93.399567,100.695442,1,66.074476,15,106
86.041839,100.973062,105.579739,116.258449,126.147766,1,69.452823,18,133
67.975966,82.950031,90.493931,98.869053,109.586458,0,67.50134,19,107
74.20015,88.628282,100.988816,107.671121,110.620512,0,69.015635,17,108
70.380474,82.081142,93.120907,110.506008,116.156515,0,67.056733,16,110
77.509189,87.414037,96.33938,102.219997,108.173566,1,72.465242,16,108
46.325731,50.814253,49.79004,56.005987,64.756389,1,67.284633,14,66
54.650059,71.258995,77.953567,93.029217,105.788906,1,69.8983,16,92
69.287146,82.321483,91.269836,97.019483,107.68784,1,68.590234,16,100
43.275762,48.283296,54.966029,59.534612,66.274136,0,66.852991,16,76
56.52237,62.939689,70.852637,80.583099,91.662052,0,65.508514,18,94
59.342772,68.16609,79.492695,85.101585,95.331514,0,68.307955,15,85
68.228533,86.339296,99.720614,107.256536,115.631456,1,66.021585,16,106
65.31261,77.251503,81.544527,88.751114,99.998969,1,72.310591,19,107
64.693147,74.235823,77.587484,83.950293,90.654658,1,67.389713,14,91
61.662438,66.678833,77.011065,85.055653,91.850664,1,69.221881,16,98
74.228677,94.49437,106.100585,117.200299,130.853469,1,66.396355,16,112
66.352151,70.312188,75.1667,91.237382,95.276499,1,70.214181,17,102
63.306438,67.494165,76.85487,88.765356,97.518004,0,67.78927,17,81
55.295515,63.351485,69.450501,85.694425,98.280221,1,72.931939,18,93
65.174291,76.84602,88.259235,97.639767,107.622553,1,69.200684,15,99
65.43087,78.937212,92.671102,101.503753,113.094955,0,69.117576,17,102
61.847152,75.107061,86.482733,104.711234,117.74059,1,66.013031,17,98
82.107984,89.866395,108.123336,116.071195,125.238805,1,64.973001,18,145
74.99892,77.320238,92.011598,93.649057,103.319842,0,68.137495,16,95
48.508929,55.820156,69.086254,73.920308,83.334141,1,66.249397,16,80
77.214641,90.737779,105.087172,119.417035,127.246728,1,70.00565,16,115
72.154161,84.006365,93.456265,107.932562,119.013406,0,67.692115,15,91
70.451016,84.580708,100.031549,109.874112,120.4182,1,69.547073,15,109
82.541355,94.162252,102.719902,117.121176,123.268477,1,69.325194,18,101
90.788944,93.584576,101.081633,108.746646,114.84325,1,69.269995,17,84
72.358442,82.993999,96.817702,107.694107,114.693029,0,65.562274,16,111
64.065714,69.069635,70.980363,72.158122,75.752451,0,67.33408,16,86
78.521556,92.342908,100.52329,115.763655,126.84288,1,68.814204,15,110
77.292855,89.148295,93.670715,104.454157,105.601587,1,69.976331,16,92
75.771592,83.505233,93.010825,103.22916,114.952786,0,64.42769,17,103
71.684493,82.73612,83.943799,91.185397,97.889542,0,67.803003,18,95
44.663138,49.998543,62.199251,69.164829,79.540599,0,66.243602,16,89
66.432205,71.330275,84.091544,90.788649,99.862277,0,67.999891,18,99
79.446276,87.612693,104.536797,109.405581,119.24257,1,69.46221,19,117
76.943227,84.77583,87.79942,95.593672,99.103809,1,69.951684,17,89
84.068673,91.647848,101.490967,111.134809,123.295156,1,68.209014,17,120
71.959025,83.389394,87.965818,92.321226,104.480478,1,70.977949,16,104
63.693503,76.854919,90.442839,104.162287,119.900646,0,69.089657,17,113
73.67559,85.418329,98.841196,106.669141,117.860587,0,68.195125,18,107
76.020529,86.306348,100.198952,109.209966,123.052325,1,70.486101,15,113
81.028835,93.806074,99.167328,107.519654,118.713859,0,69.558302,16,117
62.339895,75.356277,80.187513,84.748533,95.631711,0,67.956404,17,83
64.868184,77.610592,84.953779,87.148715,95.343977,0,69.174006,15,91
73.351699,82.517138,95.292136,100.143096,111.167011,0,67.759918,15,112
68.616864,79.789592,88.393406,96.964238,104.615233,0,70.202776,16,97
75.350857,89.953298,98.011773,112.886665,126.37564,0,67.043063,18,120
72.546156,80.792388,80.994467,83.273447,88.220214,0,69.524845,16,113
49.997775,56.488242,63.0702,63.390441,64.127584,0,69.190505,16,86
61.716938,74.531403,77.650696,81.304529,88.622378,1,69.744971,15,97
75.006313,88.235989,97.37135,103.897155,118.031778,1,69.172483,17,109
65.424126,74.024009,81.609359,88.685437,94.929058,0,68.516002,18,101
63.579651,70.081824,72.974472,75.912363,84.944218,1,66.670515,16,97
55.582582,66.408854,78.988108,86.824168,96.715697,0,69.241051,17,111
72.71789,76.61759,87.345291,101.135561,110.541162,0,69.835258,17,95
79.805256,89.768474,95.931093,103.427457,109.299561,1,64.970752,17,102
79.896081,81.092838,84.836004,97.355642,103.592166,0,70.185221,17,114
77.711473,86.325588,93.246849,104.597441,117.352209,1,70.433467,11,87
75.907723,91.001186,107.18864,117.815035,136.498544,1,65.959738,17,123
80.959289,98.251349,102.441704,111.084621,120.251922,1,69.47891,16,96
69.035373,83.84644,85.169024,92.810024,101.840081,1,67.056316,17,107
68.257845,77.835863,86.859342,90.905112,103.241405,0,70.254789,15,88
75.444536,87.801187,93.46788,104.44967,115.660585,0,67.916116,14,106
71.037268,87.481368,97.014836,107.232085,121.101203,0,66.371419,18,116
63.361512,74.235971,82.917768,89.941564,99.460979,0,66.069801,19,108
71.42134,79.994816,86.213107,99.095473,113.857581,0,71.216841,18,125
65.494028,78.485361,79.303901,88.527019,97.568896,1,69.942765,14,90
73.967343,78.780512,87.569551,96.309972,106.626965,1,65.797905,17,100
71.725131,84.239216,93.463024,102.915721,113.240527,0,68.521843,16,123
61.669257,70.515638,83.154159,96.898652,106.821672,1,67.809386,15,109
82.94416,87.614854,96.870831,102.883501,108.280164,1,69.041777,17,92
70.68473,71.648732,73.952212,77.891929,84.291555,1,68.574456,17,102
57.997969,75.135459,78.649644,83.21646,95.141835,1,64.518281,17,89
62.106896,77.75296,88.025682,101.702695,115.88322,1,68.21385,18,112
68.917048,79.726934,88.977603,102.700326,110.586204,0,66.091703,17,89
70.664747,82.782776,88.266823,92.822047,98.432458,1,68.912043,16,102
80.968681,88.09768,96.458962,101.630683,103.792842,1,69.891284,16,95
60.693551,62.554878,74.546968,84.829839,90.646958,1,71.101586,16,100
82.405679,81.611113,88.915551,97.502571,104.349384,0,71.177554,16,118
69.952988,79.274623,85.914435,94.157725,101.091803,1,70.382263,15,101
66.900603,81.734051,87.986098,98.042365,105.738522,1,66.45967,15,100
68.902167,83.136772,96.082544,111.863966,119.759027,1,66.566781,15,124
67.055067,72.86244,79.600329,94.93027,102.096841,0,65.946816,17,91
74.496242,83.465175,84.61788,94.721829,95.722477,0,70.557341,16,93
88.699475,99.592646,112.481059,117.321634,129.984747,1,72.035581,18,131
63.844137,71.627031,86.320228,88.797201,100.732103,0,67.601537,15,97
63.008191,75.564638,87.502948,95.502467,107.571631,0,70.192208,14,103
77.010214,79.562656,85.267445,88.540138,91.887852,0,71.046465,15,83
67.350672,75.669546,89.576136,95.778497,107.966118,1,69.850934,17,128
72.497084,78.279326,89.89364,91.124663,102.708866,0,69.973904,15,91
86.111784,94.369318,103.388685,114.645639,125.148079,1,65.519584,19,101
82.209189,91.647818,102.180668,109.506542,120.815887,1,65.887512,15,100
61.678193,73.203996,84.802515,92.166197,101.659409,0,70.226844,17,97
82.565153,96.614204,105.01428,116.337403,126.721161,0,68.033219,18,115
49.328484,60.083844,70.109587,80.220715,86.705672,0,68.412716,16,103
97.054856,100.882487,111.279033,130.83987,141.488089,1,69.308541,16,114
69.97838,75.676845,78.074736,88.227578,91.677144,0,67.961132,17,105
89.141161,100.083338,109.935421,121.707781,134.90335,0,71.815853,14,145
68.546191,87.034647,96.486318,108.830002,119.994309,0,68.171682,18,109
59.123272,64.911762,67.648355,72.729992,79.453914,0,67.4547,18,77
73.801005,86.681865,92.220634,99.083203,109.054832,1,70.678563,16,107
71.795732,79.523674,90.830686,103.47457,112.268907,0,67.581437,17,97
72.538136,78.959949,84.679599,90.709118,97.353228,0,66.458859,15,97
73.943272,87.064378,94.986626,105.142459,112.963523,1,67.361479,18,125
49.888896,56.866142,66.152206,73.473683,77.957841,1,70.712775,15,92
64.343355,75.896208,80.895281,85.294018,91.144325,1,69.077352,15,69
83.020715,87.801598,93.905435,95.597212,102.701763,0,66.733256,15,83
57.20265,70.487558,74.21057,85.175048,82.69223,1,68.479621,14,95
73.269167,83.567165,90.580791,96.205757,103.348197,1,66.816211,20,91
71.759152,87.885659,96.844557,101.558592,113.252473,0,67.334379,18,95
78.785792,90.077997,105.227803,115.542378,122.680173,0,69.395623,17,107
60.678499,65.393809,71.677828,78.393825,82.086793,0,67.793705,14,89
65.021875,75.054961,84.170435,91.979045,103.191014,0,65.315285,18,78
75.35269,91.257173,99.201917,108.236455,124.760646,1,64.007541,16,111
61.710775,77.912146,82.339123,95.152952,106.388972,0,67.707595,15,97
65.547009,81.560605,88.095731,101.532937,106.898017,1,64.501034,17,109
53.270275,56.667012,62.920409,67.694579,71.307156,0,69.707526,13,83
73.476404,88.046942,100.936221,115.121294,131.322234,0,70.170364,17,109
70.588181,83.803055,95.543382,107.831963,114.676628,0,68.562755,15,118
68.753685,83.02056,95.05157,102.791272,115.091789,1,66.14669,16,98
59.100251,65.749812,72.506704,75.485277,87.25676,1,69.607696,15,79
70.528499,87.82428,100.353106,113.497423,128.703664,0,65.231896,16,117
83.542441,97.045182,100.61628,114.824193,116.854089,1,71.213208,16,119
85.669471,100.266098,107.357764,119.361841,130.291427,1,68.051056,16,121
72.105647,83.525739,95.828313,106.773197,116.756812,0,63.830517,14,105
73.298987,85.926677,88.971526,96.686886,100.958324,0,72.273518,16,112
77.612121,81.381493,93.169057,97.648495,110.099955,1,70.298235,17,122
68.757278,72.68822,83.180797,94.710767,103.727419,0,67.311769,18,112
81.311486,89.643871,94.766793,102.405201,111.25311,0,69.764495,16,117
64.874071,74.51878,85.300828,90.607226,103.025421,1,67.285912,15,106
69.992916,81.050454,92.220576,98.709994,106.396958,1,65.578651,17,94
79.869062,87.935969,98.756716,111.75475,121.170458,1,71.367483,16,116
83.832822,94.601158,112.317481,120.99714,127.481954,1,65.298842,15,115
74.051625,81.342905,90.560652,102.022595,111.279606,1,68.578371,15,104
49.434581,58.326115,69.933111,78.447489,85.062203,1,66.718073,14,85
67.941341,82.765775,90.099262,97.169464,104.84879,0,70.320131,17,92
72.021808,77.206845,91.292825,99.715171,111.798496,1,67.631928,15,122
46.506598,57.023016,65.818012,72.447506,79.688166,1,66.408547,16,100
80.045515,91.547372,107.106838,116.879893,123.299243,1,69.792024,16,96
65.786609,78.148122,87.860249,99.658633,105.674141,0,69.030664,17,100
67.415807,69.131591,76.033404,79.605969,88.170421,1,67.700678,14,59
74.529795,79.355379,86.225578,95.202599,96.292849,0,69.007352,18,113
76.000323,84.027483,92.654897,102.288517,110.565969,0,69.998438,17,124
71.561353,78.962924,78.144539,85.165522,85.130713,0,68.775308,16,81
66.349467,77.487436,86.16722,101.483747,109.457184,1,66.493867,15,131
61.82867,65.385136,73.577077,78.899762,84.284661,1,67.592839,14,81
51.803923,61.490733,72.389611,82.567476,89.763947,1,69.434738,16,110
79.834931,80.347653,87.088101,92.343672,95.315932,0,69.380073,15,109
68.777669,81.526351,91.559947,95.95425,105.283256,1,71.195155,13,89
77.818216,81.361316,91.764021,100.497244,108.158245,0,68.329097,17,109
79.739689,85.811522,100.75412,115.59781,120.84086,0,68.792926,14,110
68.897693,83.976909,92.083836,100.603719,110.60834,1,70.85861,14,116
72.561964,81.464134,91.205712,102.631852,107.524929,1,63.531978,15,99
66.723152,76.100926,82.241155,89.902015,88.234891,1,71.266007,18,107
68.031923,78.825363,91.047114,101.413986,112.237425,0,67.533279,16,84
67.723028,88.440438,97.767462,109.68478,125.488734,0,67.87362,17,122
76.350459,79.669786,84.345891,91.717514,100.019375,0,70.626186,15,81
57.264903,78.704571,88.987806,100.282412,118.889929,0,66.134934,13,96
69.369397,76.422594,89.003436,100.438541,109.80132,0,68.877218,16,100
54.347928,57.673323,61.853023,68.838394,70.980325,0,67.480773,17,83
61.091703,73.739694,79.792496,86.144199,93.817749,0,69.839431,17,107
54.871039,65.562622,65.887894,71.737421,75.300496,0,65.83298,14,83
65.843883,75.213511,83.129524,92.717626,97.365516,0,70.489118,16,116
73.305572,78.888925,89.616931,99.810314,104.802505,1,71.995011,15,100
62.417394,69.853849,79.350187,84.837213,93.36383,0,72.12042,13,87
72.53469,81.476049,95.703413,103.710197,114.344996,1,66.982278,17,107
62.418272,69.948649,78.067102,80.863746,88.518477,0,66.056913,16,83
74.772788,85.713872,99.829479,105.825147,113.259322,0,69.130419,14,99
85.20582,92.222549,104.506216,108.463834,118.162565,1,71.425514,18,125
78.683926,91.857075,98.754512,110.364785,119.408944,1,68.028408,19,86
76.974726,87.900619,97.598989,105.986044,116.545994,1,63.341456,16,99
74.528868,89.681016,93.042881,102.057703,115.510495,1,67.431902,15,90
64.041072,69.146956,79.060507,91.406435,94.607559,1,64.95119,17,91
78.31866,88.135944,98.40931,104.512261,111.195601,0,68.77092,16,100
50.760455,67.279039,78.676155,89.218359,102.890861,0,66.614765,16,79
71.23634,82.266226,86.500399,92.937343,99.864293,0,66.622168,17,111
70.10519,79.525547,85.682799,95.955154,103.414111,0,69.349984,17,102
80.928713,92.993037,94.467238,104.738601,117.327246,0,67.690812,17,98
82.512926,93.136916,104.378302,119.390876,129.099912,1,69.173227,18,116
71.126052,76.921511,89.702033,88.982249,96.811907,0,69.280365,15,62
63.375455,73.443602,82.303935,91.030245,97.121146,1,64.611906,14,90
63.347399,65.627902,76.065138,76.104766,79.171321,0,69.78992,14,86
60.698665,72.978972,75.677778,87.464955,99.2036,0,69.721844,19,91
54.10879,59.983537,70.253221,74.973277,79.590932,1,71.11945,16,79
85.382386,96.446933,104.014038,109.412027,121.953127,0,66.519605,13,129
53.591107,64.278322,73.803087,80.402651,95.40649,0,66.034676,17,80
73.744433,87.330663,98.755777,109.568363,119.052088,0,69.682113,15,99
72.783698,84.217505,86.790763,94.710788,109.481688,0,67.404444,18,118
42.337339,50.10831,60.014869,65.756987,72.263941,1,71.069458,16,95
66.719865,75.039842,83.073074,89.764927,103.263485,1,71.525116,15,89
65.537548,77.832993,84.854989,103.700931,107.245182,1,69.282277,15,108
55.456145,58.636159,67.327988,74.017837,82.295091,0,68.009173,15,84
76.752426,89.456025,91.961531,107.220528,112.108818,1,67.338755,15,103
79.534367,91.481366,100.782104,108.220954,122.933038,0,69.727155,16,119
69.471317,71.404461,80.613645,90.740749,97.532607,1,72.288098,16,89
80.335856,87.505066,100.886805,113.190078,119.217636,0,67.430703,17,109
62.009324,70.471722,77.749183,85.780733,88.934779,1,71.228097,16,87
78.968774,96.123696,109.067735,119.887837,134.21723,0,65.535835,16,121
80.464817,90.547188,97.512242,106.065182,113.915882,1,66.451551,17,120
64.288591,76.864657,86.362684,94.557621,101.582345,0,68.644167,14,103
82.271659,89.162772,95.648302,111.13458,123.295991,1,67.575638,18,87
75.048109,84.135323,96.452104,104.753261,114.908648,1,69.223917,17,98
49.871511,60.709152,66.270112,82.603017,91.683034,0,68.195309,17,79
84.35667,97.27273,106.943939,112.23703,123.82914,1,67.712562,16,102
58.107276,67.231744,82.607165,88.028139,100.619786,1,66.423438,16,86
86.8531,98.491782,110.661015,120.994151,131.930984,1,67.424592,18,110
71.561371,79.56832,89.097006,101.873495,109.847054,1,69.220974,19,84
70.705989,81.972526,96.115287,106.010597,118.714176,1,69.008154,16,138
66.833204,76.898068,86.087287,96.2517,106.897004,1,67.239149,17,100
74.802245,78.893739,93.445916,107.137077,120.073543,1,68.903177,16,125
77.308952,94.106795,110.553315,117.540152,134.883768,0,68.967626,16,109
80.938751,92.62163,113.514491,126.249307,140.686193,1,70.369647,18,109
47.013292,57.945189,64.864199,71.027558,77.738927,1,69.448304,16,106
75.509933,78.853582,86.490892,90.45912,93.059799,1,72.008217,19,104
83.386683,92.099018,104.682349,115.940755,121.754134,1,70.050281,17,115
70.672713,74.889018,79.581689,81.820257,89.726401,1,72.914718,18,108
71.772085,89.022271,102.709962,113.007396,127.562721,0,67.987534,17,128
79.278987,94.038257,106.235829,121.257626,136.755365,1,67.017219,15,119
85.375387,89.382423,101.333358,107.356559,119.376019,1,68.784566,17,117
60.405203,69.629551,78.314308,80.176454,88.542533,1,67.857845,18,101
50.654118,54.697667,61.401191,68.041625,73.192765,1,71.28341,16,83
77.072929,92.559666,99.094594,102.808206,107.670403,1,69.412377,18,101
39.871148,46.730771,55.036892,59.45204,66.40362,1,71.732896,15,78
61.534512,68.944076,79.17359,86.02005,97.059254,1,68.071607,17,106
76.228507,82.385055,91.447935,96.628139,110.475971,0,69.69589,14,103
73.92908,81.924972,93.477092,99.034549,106.892524,1,70.537969,15,101
76.43399,79.771601,91.405773,92.304522,103.256641,0,68.703205,15,137
73.524485,94.722945,109.709839,121.587191,133.33252,1,68.035534,20,112
66.631538,67.996249,75.713813,78.625953,82.282896,1,65.281143,15,76
69.213445,75.056127,86.354103,89.992633,97.172474,1,69.151994,17,96
77.34348,85.258211,92.504073,101.353234,100.019761,0,71.34423,18,99
60.49698,64.681184,74.841401,81.098327,91.872996,1,70.740848,15,88
58.234488,65.227375,70.908425,73.801172,86.640066,0,64.406848,15,99
68.294927,92.333423,104.711216,116.2707,125.746474,1,64.1278,16,112
73.292861,84.173435,82.5744,92.05448,99.590285,0,67.247225,19,76
56.806742,68.995093,85.557633,101.559189,110.79897,1,68.257512,17,116
81.307438,90.359142,97.927038,105.081172,116.237433,0,71.725798,17,104
65.208765,85.395626,96.174459,110.103463,125.942112,1,70.831373,15,120
83.098032,88.612748,104.210176,112.573752,118.579506,1,66.588028,18,89
69.722493,80.359417,83.72042,94.299265,94.982672,0,71.799278,13,94
75.523173,84.750773,92.20811,99.619247,106.015881,0,71.117267,13,104
63.356921,69.536062,76.222618,84.784557,90.860078,0,69.312972,16,106
82.32163,99.539785,109.460051,119.35612,131.507596,1,67.838186,17,117
55.59308,70.136751,78.672139,87.935506,97.754138,0,68.405225,14,100
59.625759,61.070668,69.441213,76.498326,77.522654,0,69.27601,17,90
74.84085,86.586236,96.395386,111.585853,125.236282,0,68.927713,16,103
66.425368,77.341192,88.609465,100.035752,106.960618,1,65.495484,15,82
72.929139,82.378828,88.30347,94.349737,112.084963,0,69.908437,15,106
55.867997,59.429699,64.862684,69.567861,79.085555,1,69.839248,15,69
74.345177,86.666154,96.548394,103.931037,119.34093,1,69.073327,18,103
75.493851,89.460672,92.347717,104.054192,115.573666,1,70.864795,16,112
68.777693,75.665575,83.990342,87.892861,91.76698,1,69.580008,17,80
80.98042,91.105952,100.987134,107.340116,111.074271,1,69.847062,15,96
70.399652,79.69758,82.088438,94.615017,102.45744,1,66.85238,18,94
72.629549,83.792149,98.806733,107.771214,116.426379,0,65.484249,18,120
64.398934,72.540622,82.700929,88.810947,98.613777,0,65.617504,15,108
72.079016,81.276386,91.181291,107.367475,118.963604,1,70.40307,15,116
80.642465,95.145653,105.779688,122.965887,132.209536,1,67.541171,17,129
84.288565,89.639821,91.91238,104.316923,109.14903,0,67.840373,16,104
64.991501,72.210455,82.956413,89.504711,101.334041,1,67.760195,15,82
71.13272,75.085407,85.060935,97.59906,106.114419,1,69.247332,16,115
65.913685,72.362608,84.890013,94.030913,105.302957,0,73.039404,14,100
72.481307,79.191314,88.076723,98.640535,105.47643,0,71.741138,17,105
81.68014,98.519988,110.780193,128.678877,143.338947,0,69.494479,15,131
83.326921,96.593551,107.533293,111.811826,126.196441,0,68.318305,15,124
70.586612,81.478825,90.199743,103.244673,118.694767,1,69.459262,15,93
62.281502,71.724812,77.079077,84.766636,94.187022,0,69.454694,14,86
60.65709,70.858177,80.687195,94.059055,99.387765,0,67.480869,15,74
70.999614,76.62899,87.890816,92.365507,104.427907,0,71.023347,17,95
76.513756,85.904282,92.294212,100.653436,109.844239,0,65.064491,14,102
69.136769,67.909048,79.766694,85.98713,97.111935,1,70.929211,19,94
56.509511,72.291277,81.103335,88.815703,95.431107,0,70.47726,16,78
74.574729,78.208796,87.737136,98.577121,105.709004,1,66.284531,15,104
57.631168,74.620961,89.603675,96.863008,107.550728,1,70.802936,14,120
85.516031,94.346357,109.842444,116.26928,125.132496,1,68.817573,15,128
77.011338,85.420253,96.510826,101.078041,111.488615,0,70.106073,13,114
75.283853,78.797362,86.149857,91.077058,99.372029,1,66.970442,15,100
71.856144,83.893798,100.034413,105.296438,118.504091,0,70.194466,18,125
70.855417,87.492486,88.420323,99.442038,113.633524,0,69.434879,14,98
86.536015,93.026596,96.873197,103.361723,109.713412,0,70.9938,16,100
67.786574,76.576192,84.254742,93.750065,99.599121,1,65.529934,16,98
73.079163,79.818974,95.320911,102.256534,114.583662,1,71.604393,14,117
75.756553,95.517741,109.508665,127.91774,139.372798,1,67.201636,18,115
68.468481,76.873773,80.671103,86.139041,93.564043,0,66.243459,16,77
65.587705,77.048803,83.208455,96.772104,105.212786,0,69.521319,15,112
80.174472,85.783653,96.427317,101.237669,109.408515,1,69.414964,17,111
70.450847,87.755594,94.42128,100.586034,111.206991,0,71.173876,16,101
64.359573,69.090095,75.492703,80.125595,82.17562,1,68.466164,14,99
58.937434,65.137903,71.741097,80.851094,83.136002,1,66.857489,16,66
74.013772,79.010502,91.513813,109.809869,116.72503,0,67.071885,16,104
69.871455,76.892514,83.010838,88.585787,95.593395,0,67.432257,15,105
57.818859,64.697923,77.682203,84.679977,94.414788,1,67.880128,15,95
70.685839,82.104243,87.651404,99.366356,96.815575,1,67.521077,15,103
80.831652,83.444853,92.248165,99.026874,102.420106,0,68.3468,18,101
82.022386,87.896059,89.889972,101.351047,105.467296,0,69.591129,17,109
65.371311,70.480036,83.107988,84.31299,98.481303,1,69.678026,18,95
61.240296,75.126104,82.777611,92.757134,102.089009,1,62.934924,16,100
74.047013,83.263275,87.992608,95.38165,101.646554,1,65.147645,16,103
65.254496,76.3741,86.000078,93.168146,101.841756,1,66.479476,18,84
82.925264,97.179957,109.181705,120.671691,127.400121,1,67.443452,18,122
74.314269,84.958241,93.051893,101.451274,113.327573,0,71.524165,18,114
54.353726,67.777706,76.435495,86.912217,95.524341,1,69.162078,16,108
81.369044,89.295462,100.444865,105.780781,118.378687,0,71.837838,15,104
61.178926,69.536182,78.598492,97.821359,101.290387,1,65.147801,16,95
70.040348,73.890243,83.066977,95.130992,99.663018,0,68.109368,15,113
59.859194,72.510091,84.452273,90.181264,97.062757,0,67.155913,17,109
90.057302,91.84315,94.373585,100.918178,106.256194,0,68.016894,14,102
80.752023,90.348602,99.124009,106.110277,107.268729,0,68.135779,15,117
57.438976,65.875764,78.009249,84.948395,93.729392,1,70.644175,17,91
56.995211,70.629309,79.079045,89.005895,94.895295,0,69.678088,16,112
68.525157,80.84508,93.818212,105.626395,114.270679,0,64.53171,16,98
82.269559,88.771303,98.966373,110.001336,114.180397,0,69.889637,15,84
60.671,64.81132,71.509052,74.558519,80.423292,0,70.419475,16,92
56.907192,71.55887,77.290895,86.244484,94.978194,1,66.420054,15,82
73.185142,81.787141,85.974526,90.425251,97.3631,0,68.731456,15,76
67.586774,76.770724,81.821815,90.105288,92.455297,1,67.166092,15,132
70.904886,79.948987,96.862885,106.21718,117.102995,1,70.760378,18,94
84.387955,89.639219,99.899377,113.826116,124.276927,1,66.050139,16,103
75.555655,77.188154,82.608955,82.941624,89.690945,1,68.908378,17,96
72.712417,78.936639,90.017176,95.151555,112.297598,0,67.755749,14,106
81.034447,97.752501,104.208033,115.860459,121.402031,0,65.200211,15,86
71.480223,78.42903,87.708118,94.381044,103.257055,1,69.847118,16,91
65.999385,71.001223,86.062626,94.630013,111.642835,1,66.985004,15,93
52.138533,67.130261,77.011785,81.104764,89.193975,1,68.398303,15,91
82.935275,94.46126,106.991403,115.104133,125.064083,0,68.721393,16,136
67.309299,66.438703,69.771793,81.956246,85.716019,0,69.776736,16,84
76.088452,83.477663,90.184751,100.236345,103.180152,1,68.378315,16,112
85.298211,94.949778,99.824037,103.48987,112.456024,1,67.706687,16,103
74.759858,78.455839,85.00469,91.153336,99.671064,0,67.719626,15,96
83.370253,97.169727,113.054546,124.622342,135.132308,1,69.973132,18,126
83.494595,83.988683,96.58858,98.710676,109.683221,0,68.13167,16,125
61.815564,72.538494,74.411008,82.63248,88.272353,0,66.363883,17,100
76.723951,91.131456,95.299618,109.788449,122.712109,0,64.55232,17,108
73.225687,81.402768,84.489685,93.879769,106.510309,1,66.936605,17,104
71.901842,75.556642,87.583348,98.430995,106.380157,1,70.824549,16,87
69.053281,78.551389,96.373306,101.013317,115.366899,1,69.830841,16,88
58.96638,70.137012,78.14932,87.429002,93.743803,0,65.375808,16,96
54.0282,60.743598,70.692757,84.236008,95.020865,1,65.65134,13,78
74.045429,82.687099,88.84182,98.42179,105.935425,1,69.547016,15,123
66.027809,77.39564,92.761751,105.005353,119.677724,0,66.136286,15,105
63.762795,76.343079,82.211758,88.700386,98.244171,0,68.939154,16,79
72.382915,81.825045,89.888834,95.807123,106.875756,1,70.159547,16,90
62.16139,68.591428,78.585845,81.368113,88.202804,1,69.809129,15,105
70.14303,82.985238,86.243139,97.037922,106.385188,0,67.870247,17,107
55.129491,60.243507,73.738138,75.881669,86.185617,1,70.147156,16,91
67.813985,74.487651,81.826407,85.803737,86.991538,1,66.934588,16,85
62.86964,75.460509,88.448437,98.782986,110.222903,1,68.093081,16,95
64.151925,77.84012,84.818702,89.424854,101.384494,0,69.145937,16,105
68.989707,82.935483,89.652992,102.785175,116.610379,0,69.346351,16,101
73.832389,83.524332,91.18279,99.332685,107.565455,1,67.464078,15,82
72.503318,79.756092,90.855675,97.773078,109.327771,0,66.57184,15,102
88.344371,99.314098,108.555603,112.40816,131.286182,1,70.314707,17,112
67.367972,76.503027,85.004462,84.689454,91.622099,1,72.246098,17,94
77.512187,94.862899,102.787945,109.686932,115.048108,1,66.328145,17,105
86.853242,101.135642,110.668621,121.054921,134.761638,0,64.314954,16,103
80.264844,88.015208,98.274537,108.868518,115.024136,1,66.802626,16,108
71.314986,84.480973,95.797323,109.403188,122.558827,0,65.483651,18,88
75.102803,81.863339,88.574484,101.942004,114.374115,0,68.81369,18,124
78.229776,90.593134,100.882179,114.133547,123.954728,0,66.362174,17,98
80.97797,91.234398,101.629721,115.811755,125.649467,0,66.278931,15,87
66.986664,85.246032,96.519639,111.615112,120.653905,0,67.348212,18,121
79.380428,87.877392,100.347815,106.479356,120.010995,1,67.63087,17,103
78.002053,87.313857,90.22701,99.719153,108.599252,0,70.978566,18,103
72.534072,88.954091,103.717247,110.75051,125.12776,0,66.958176,17,108
60.926396,70.622989,82.781139,90.834712,93.28027,1,67.953952,16,95
65.944304,69.841399,75.372948,78.585889,87.405479,1,70.252763,17,89
82.640874,89.81313,92.994583,100.996015,104.820893,0,67.217624,18,102
74.361424,77.884214,84.492778,95.332549,95.490861,0,70.182972,15,91
107.642878,113.480272,128.998535,133.524041,147.55286,0,67.964475,16,129
71.75309,79.640909,84.027418,94.61119,98.996969,0,67.776036,17,91
75.659553,89.365107,106.359984,111.374753,122.643064,1,72.18077,17,103
78.783,88.020274,94.663307,103.276229,111.570028,1,72.425641,18,113
63.321913,75.038212,84.613149,92.762275,103.761249,1,66.870859,19,86
80.810639,90.403223,107.002306,116.155585,128.073745,1,66.208753,17,99
68.503992,79.832673,95.237929,102.221452,113.364138,1,66.783013,18,109
71.423331,80.259196,89.11355,96.637467,104.140687,1,67.575441,14,86
70.240208,80.175436,85.760844,88.982366,101.480064,0,68.464707,15,86
71.173526,76.89994,86.75542,88.873622,92.984152,1,69.382169,17,74
75.907096,87.750388,93.736048,107.43244,125.538671,1,65.25058,18,135
64.29763,72.785462,77.305505,86.968812,93.744788,1,69.26067,18,69
69.967668,81.854473,89.227772,107.53588,109.489054,0,67.170334,17,88
56.75695,70.402175,87.522007,98.4424,106.656235,1,65.509433,15,114
72.659695,84.602862,95.535651,108.361394,124.077974,1,67.543164,17,97
70.310386,80.908094,81.189311,94.732431,104.838887,1,65.833488,18,91
65.520907,74.77511,80.836272,92.233467,98.66345,0,69.169618,15,80
66.814268,75.41258,82.424409,90.950636,100.305772,0,67.939515,16,94
69.644031,76.790945,85.051951,97.253427,104.761544,1,69.984771,15,108
68.354525,73.717758,81.770934,94.566627,105.188512,1,67.804367,18,111
67.464846,79.163413,95.730877,106.705815,123.668671,0,67.286611,17,92
63.926952,74.882264,83.483386,89.283104,98.850449,0,67.988699,16,79
69.830806,77.300779,86.14588,96.922273,98.438922,1,71.350766,16,118
61.117361,68.579781,78.41416,79.626201,85.343692,0,70.909403,15,87
58.072997,73.590099,83.02596,97.03401,101.712457,0,71.316179,16,85
72.605847,79.298583,86.404002,90.973147,97.059146,1,65.773925,18,97
66.167285,77.180698,92.613489,100.473389,108.385957,1,67.672613,17,98
57.509847,72.407926,90.414291,104.8357,119.989147,0,66.658314,17,105
77.44911,90.491722,101.773429,110.273307,121.475792,1,69.414397,16,92
70.371423,85.745998,96.412738,104.870943,113.969938,0,69.981629,15,110
72.639228,81.588897,85.217172,91.775941,104.250687,0,71.702574,18,126
58.604276,70.616039,84.323863,98.221203,107.889223,1,70.154836,17,99
66.791396,68.87518,71.27544,74.034462,82.24049,0,65.745095,14,81
72.390469,75.334197,81.972458,80.263752,88.562175,0,69.976,15,80
77.669232,83.969285,99.964192,107.318744,115.640889,1,68.721846,17,94
82.628733,95.834805,109.818281,125.990901,132.698509,1,65.780434,15,132
57.108899,67.049404,75.278785,92.154148,100.133895,1,74.064946,17,92
66.413377,72.166667,89.125344,99.479794,110.853813,0,68.665824,17,99
59.147515,65.902368,80.075187,83.154343,88.099463,0,69.778544,16,85
86.012689,94.235399,94.844083,112.708255,115.259882,1,65.876788,14,93
72.689084,86.255727,95.447549,105.15305,108.536875,1,69.990727,18,110
58.304366,62.741835,65.166441,71.213746,73.504568,0,69.302133,16,77
62.556445,69.728808,78.26914,88.524695,91.856057,1,71.363771,16,122
69.010517,74.791758,88.476169,92.851449,102.497647,1,68.902245,16,107
43.150013,46.88058,58.903903,63.63355,68.183376,0,69.331217,14,81
78.170663,86.59971,95.771059,100.899875,110.989492,0,69.965603,19,118
65.763766,79.863691,84.482664,91.783331,99.412164,1,67.72246,18,80
68.703208,75.386115,85.375855,96.933567,102.766693,1,69.701992,14,83
75.225839,83.346463,88.942344,95.596783,108.843775,1,65.484435,14,93
69.466973,80.445514,98.160027,108.695829,119.36209,0,71.412904,15,119
56.437587,60.337887,64.283823,78.058275,84.838243,0,65.721346,13,80
59.326107,63.953154,69.293662,77.302755,79.654666,0,67.213496,16,77
66.19017,76.598026,81.411596,93.8563,96.953274,0,73.831183,16,90
90.712659,95.161841,106.485367,118.728236,123.781749,1,70.620921,18,98
71.851712,83.552679,96.711646,96.362917,104.680002,0,67.763279,17,97
58.725711,70.230631,81.949737,86.888285,103.921449,1,65.268302,18,85
79.454606,85.313164,90.336008,93.245426,99.525258,1,72.522856,15,106
63.644933,73.443243,82.876928,87.74508,96.738811,1,68.288636,15,93
71.667588,77.173279,92.378898,107.338596,120.366637,0,69.039783,17,101
71.355759,76.82049,86.636107,91.222501,97.297849,0,68.441006,16,92
71.311819,78.861989,91.654117,102.838534,110.78834,1,71.537862,16,102
67.459448,79.504751,86.835092,94.257168,103.667641,1,68.287799,16,81
80.785069,90.268077,99.897322,104.49497,114.901211,0,66.808565,18,94
73.783129,88.828303,104.673808,113.612885,132.095135,1,72.102598,14,105
74.115525,79.843644,83.645368,89.350134,93.842206,0,68.926149,15,78
70.345844,77.533617,89.740331,96.848702,106.471587,0,70.179585,16,114
60.368305,65.886141,76.410438,81.394921,92.114172,1,65.151767,16,61
69.739312,78.337223,89.268343,100.53479,113.526337,1,69.065604,16,120
84.312823,99.871859,113.465469,121.949398,134.261369,1,66.153214,17,103
54.342506,67.076316,78.998424,88.341163,95.598982,0,69.786226,15,93
67.416006,81.304165,93.493171,102.959563,114.232386,1,71.364688,17,96
71.744516,76.946799,89.239661,90.127815,97.968477,0,66.979029,17,88
72.133925,71.9474,76.689069,84.957234,92.054646,1,68.034792,15,102
81.308292,84.055307,100.256982,108.801824,123.396776,1,69.08905,17,123
63.107721,74.354145,84.770669,94.893573,105.75393,1,69.343445,16,109
66.24029,78.065468,85.837087,95.466348,103.602185,1,67.328294,16,102
79.553377,87.205838,95.149625,103.213402,109.897749,0,69.450986,16,105
77.645791,89.751394,95.185594,101.230987,114.342674,0,67.66974,14,93
70.658038,80.349568,83.89152,88.321758,93.77875,1,65.449642,19,77
71.911143,81.369195,91.020878,100.383622,107.44991,0,69.716934,16,111
71.100044,80.390203,88.581587,97.281453,106.544516,1,65.822932,18,100
70.672228,74.890904,83.469153,89.273422,94.83891,0,67.113106,17,85
58.823578,73.850987,82.618457,93.826708,106.086691,0,64.942125,15,91
84.771042,102.358297,113.984337,124.220838,134.706198,1,67.838642,19,139
69.40409,81.109985,89.015126,100.382982,109.245718,0,68.855603,14,83
83.381934,86.431465,102.050791,104.667887,113.064643,0,68.888382,18,97
66.665024,73.263544,83.607974,92.134708,100.128741,1,64.703307,17,67
68.727338,77.963641,89.108595,93.664821,104.834394,0,67.670225,16,104
64.879941,67.260562,77.925536,84.962214,94.263188,0,66.13644,15,67
54.575265,71.744627,82.69276,86.107528,97.919834,0,64.369469,13,88
77.832858,80.899194,88.842067,98.291102,105.218027,0,71.901623,15,117
71.982913,78.276189,84.117755,92.055089,93.939651,0,69.355706,16,96
67.735584,78.670766,81.701024,87.361774,96.567136,0,66.719872,18,98
68.65033,73.703567,88.15819,99.698332,106.274661,1,67.421222,17,94
74.674007,79.205585,90.006539,97.596729,109.912956,0,68.399631,16,112
84.072855,92.686946,103.842009,118.419742,129.863841,0,67.684594,18,112
64.0536,73.361703,91.106104,99.51145,112.692487,0,68.107222,17,94
83.790244,93.420323,107.140139,119.381922,128.594812,0,65.568137,16,125
61.779882,75.425598,87.761052,97.950952,108.887275,0,69.658358,17,107
76.190219,89.538145,98.400835,104.421925,118.944788,1,66.933421,16,112
68.856177,69.671299,75.775174,79.585038,86.110884,1,69.389495,18,84
69.51741,87.450073,97.46486,109.479885,128.827303,0,70.077152,15,103
68.961858,80.202158,89.808623,101.03014,110.080611,0,64.705467,16,85
82.568342,91.070962,101.430887,110.107128,116.922207,1,72.064661,14,107
60.573194,77.15742,79.017454,90.242499,99.21373,0,67.781712,16,101
68.221756,77.916537,87.480564,94.336673,103.430143,0,68.203062,15,98
70.72081,79.707166,91.81809,94.883973,107.000902,0,69.982721,15,100
62.619332,72.618024,79.578792,86.290821,93.187103,1,67.820587,17,99
79.718131,86.873853,95.500786,103.927331,120.564822,0,72.812559,14,103
85.456049,100.882015,107.888932,117.202134,125.757523,0,66.663486,17,108
69.699969,79.985321,82.57755,90.65372,95.697197,0,68.276909,16,91
78.234949,87.125292,98.52853,103.619473,107.883405,1,73.359484,19,106
72.224809,83.505543,91.077811,99.455447,110.75281,0,69.115731,18,114
61.983267,62.69489,70.827946,78.156561,73.354021,0,68.732107,16,81
78.207283,93.145015,98.578391,112.763856,123.085992,0,70.406004,17,111
74.372445,84.89654,97.708632,111.137578,122.307003,0,70.00165,16,86
77.866792,84.097441,89.486387,91.5309,103.57457,0,72.395022,16,114
65.135147,70.738011,76.058482,89.09228,97.522193,0,69.988127,18,90
73.402085,84.638889,86.590659,94.656801,106.205106,1,69.460664,17,110
76.048517,87.052575,92.13786,98.352879,104.472289,0,67.747582,16,112
60.800241,70.376537,84.501854,92.062584,104.906576,0,68.603145,19,101
66.921022,71.711652,82.700706,88.679791,96.707189,0,67.602325,16,100
78.889289,92.565524,98.510388,109.787711,122.178154,0,69.456612,17,125
62.878799,77.282997,83.106194,92.801127,103.542827,0,66.093723,16,106
93.777616,102.15017,109.498718,119.028626,127.49948,1,69.29248,15,93
45.961868,58.056105,59.44256,65.383559,67.965413,1,67.715679,15,78
73.756378,79.313201,85.292224,88.556153,92.725887,1,68.432934,16,92
70.75858,82.447997,91.426513,95.233074,104.769969,1,67.534395,15,102
63.589784,80.392238,90.24995,108.045424,116.345256,1,69.401621,16,104
58.905725,67.002545,74.216478,77.469309,87.84063,0,73.037601,16,89
80.974405,89.825718,92.811163,103.996511,108.140556,1,67.612117,16,96
70.987044,76.400246,96.103005,113.581246,120.954911,1,68.508726,15,130
79.045706,88.772658,96.569193,107.504096,122.94955,1,68.163901,14,112
70.600849,80.769545,91.334179,99.791589,110.288605,0,71.446453,17,109
84.339378,97.675299,111.957127,123.290535,137.067355,1,68.024877,18,116
59.256269,68.774023,74.585986,79.588394,89.352117,0,67.844292,15,112
68.03023,84.420344,92.592076,104.344992,111.458003,1,69.122847,15,105
79.237809,91.566437,107.251627,120.038096,130.560855,1,66.674212,17,100
70.613804,77.788826,86.697106,87.360304,92.739846,0,65.719209,18,89
80.040623,88.02317,97.526151,106.890796,116.403552,1,67.892091,16,124
57.835865,66.389497,72.067164,79.468146,79.228856,0,70.368018,16,92
58.071806,67.404737,79.607845,83.89702,93.264996,1,67.808364,15,79
74.154387,87.084213,93.19258,103.788394,113.331841,1,67.414185,16,126
61.457137,77.092723,81.340213,96.326244,105.73028,1,72.730068,16,126
80.102057,86.082555,97.962999,104.822012,113.739733,1,68.822211,19,108
67.142593,74.186593,86.491943,88.819712,101.089852,1,68.605715,17,80
68.215768,75.62784,86.833805,90.44617,95.227383,1,66.968868,17,70
70.493645,80.260219,95.782668,102.301707,113.056909,1,67.789761,15,96
53.053146,60.009984,74.957001,84.109243,93.01545,1,68.755658,15,98
74.530997,83.300907,91.516225,106.091408,121.166991,0,67.421557,18,112
77.368273,92.092981,95.794284,112.526507,124.637183,1,71.643215,19,86
55.034546,64.300279,69.597205,88.992974,96.154505,1,69.129421,16,106
76.392138,77.672069,88.531591,96.342784,104.183192,1,66.154739,16,92
70.348567,80.433233,91.27757,96.20991,103.950143,1,67.413599,15,106
58.28987,70.270123,76.829296,90.081405,89.971313,1,70.379804,15,94
66.432017,73.410799,80.35038,86.772274,90.055842,1,69.136152,15,105
60.879653,65.448828,82.493052,87.593947,96.196146,1,69.474499,15,96
67.21493,80.553656,88.705579,93.528534,100.732576,1,68.535767,18,85
67.062159,77.964066,89.870096,96.254341,109.64891,0,68.366645,17,87
54.847617,62.075789,74.680599,87.517645,92.202586,0,69.404937,16,94
66.043814,73.509044,83.972465,90.319597,98.038825,1,68.412735,16,82
62.523035,74.883486,84.259302,91.463418,109.262305,1,65.188909,15,105
68.998596,82.313028,90.47206,100.284343,115.606577,1,64.259869,16,96
60.315847,69.521229,78.606194,84.990671,90.390193,1,71.614861,16,116
51.425326,60.641131,70.211095,79.540181,89.610228,0,66.177219,16,103
70.19315,73.858661,82.405787,86.909842,92.078465,1,68.571917,16,93
64.569044,64.343289,70.452739,70.421729,72.475273,0,70.850964,15,87
78.645186,85.580495,90.469722,97.303753,101.209972,0,66.851125,20,121
71.856874,79.073739,87.801798,103.774871,111.076325,1,71.433621,18,98
68.083296,81.919261,91.392775,99.518677,107.102098,0,68.306124,18,109
86.44857,96.619711,113.209864,124.518374,141.197356,1,68.695042,17,126
55.457576,62.360187,67.512817,75.83856,79.541151,0,70.069629,17,80
63.680753,75.594337,84.552516,92.763445,103.52468,1,67.399349,13,99
63.415993,63.43743,71.252952,72.766329,74.246239,1,68.860748,11,86
67.858068,76.526434,81.653918,90.26365,99.753422,0,68.699258,19,57
54.958749,66.124587,71.060431,76.584174,78.243603,1,69.088389,14,109
72.58352,86.570613,90.970324,100.67123,107.446536,0,66.817781,15,116
73.13532,81.320808,86.099744,90.335016,102.540814,0,67.520794,15,123
73.492508,84.856003,91.533686,102.025898,106.516902,1,67.667951,19,100
63.377484,78.6861,87.286217,98.997183,107.676337,1,68.376096,16,104
63.54088,73.574762,87.207674,92.538361,105.887162,1,67.171466,17,122
58.087476,63.652852,69.334378,80.003578,81.425123,1,61.123467,15,82
70.800009,73.703882,93.530112,97.625299,111.312753,0,65.338874,15,111
64.990337,75.084311,82.548166,98.668364,102.500055,0,67.272695,15,113
71.527399,76.472231,88.930206,96.702236,102.965838,1,61.31445,16,79
71.047463,85.125388,91.074088,95.392001,104.335342,1,69.442597,16,93
70.24956,85.829686,91.169245,106.478671,116.390794,0,65.005502,16,114
62.992615,71.112299,79.543281,83.63874,95.256771,0,65.362252,15,104
63.138877,73.090558,84.467191,90.51958,97.686964,0,67.608959,15,120
80.111299,88.112153,97.976794,107.334227,112.845634,0,67.038874,16,95
74.831341,87.036823,96.808106,106.742334,117.628854,0,65.277588,18,95
71.670628,78.595398,85.023424,86.149575,94.421876,1,70.907618,16,81
77.153732,94.494903,98.159327,109.462279,123.12262,1,68.690335,17,98
81.2536,86.744561,97.203917,105.477774,111.520451,1,69.149918,16,98
88.938883,95.832429,102.077383,113.554287,114.203088,1,66.54337,15,102
67.058865,78.00714,88.882704,98.558171,110.380528,1,69.743171,16,102
73.817928,83.142491,87.838913,89.361654,97.99086,1,68.443528,14,96
72.756694,81.007747,95.581752,101.763718,106.499833,1,71.740554,18,120
80.806353,92.549895,109.442063,121.825876,130.851176,0,68.389277,14,129
68.815504,71.598883,82.177477,88.269557,93.696095,1,68.160774,16,98
87.514987,92.618687,105.688993,116.435731,128.068632,0,69.622529,19,121
78.169076,86.853503,88.694639,99.343681,102.747147,0,71.674747,17,85
85.88503,97.57361,104.280675,112.484729,122.007513,0,67.38618,16,94
72.49995,89.469008,100.910418,111.851301,126.928986,1,69.611861,15,115
72.504217,86.791249,103.720705,114.433558,123.868453,0,66.831105,16,124
65.534149,76.868133,81.503071,91.705524,102.517568,1,69.441188,17,109
62.996804,69.883402,76.528585,82.492451,85.839324,1,68.439323,17,92
75.730814,76.77286,86.252178,94.519101,105.262259,1,72.568692,17,116
85.032023,94.142175,105.973239,110.371913,121.069546,1,70.547324,14,106
81.159942,91.271902,98.156294,103.668303,113.089929,1,67.180233,15,92
66.349054,79.358807,91.098856,100.880421,111.246534,1,69.444239,17,94
73.341385,84.66351,94.69614,100.032205,119.209508,1,70.133643,16,98
58.635204,70.275968,79.747022,90.24811,98.093021,1,69.336761,15,97
63.365885,71.804881,83.886034,88.186721,100.540409,1,69.599615,14,80
70.380507,85.984038,96.17842,109.836197,122.319788,0,70.228053,17,107
81.185601,97.589708,106.251938,122.473128,129.418253,0,74.508598,16,121
63.109559,69.289722,74.212787,84.303372,87.315747,1,68.370959,18,82
58.96601,70.598045,82.704635,91.765049,104.407249,0,69.519519,14,73
65.877233,75.142022,78.206429,84.704822,91.837993,0,67.455778,15,97
58.478007,68.267084,75.261844,79.004713,81.186956,0,71.848108,14,96
77.62028,86.88407,95.229532,99.385755,114.636391,0,69.34378,18,98
56.53072,70.966328,80.152081,85.994858,90.714527,0,70.021128,15,96
83.659675,88.571865,95.741291,104.534747,112.255538,0,70.76226,17,120
66.184117,71.678656,83.276433,85.649888,91.837516,1,68.337932,17,103
57.835755,72.172008,83.787331,98.108028,109.268411,0,67.313878,15,92
77.265542,89.688385,98.392011,108.673004,114.726312,0,68.792625,17,107
78.382876,86.311869,98.05225,100.288829,110.512686,0,68.412892,17,92
78.270653,85.20169,93.321941,104.562457,113.846367,0,68.843737,17,105
59.258028,67.142994,74.259178,79.26834,89.483502,1,68.338607,15,104
66.622311,76.821447,83.811707,96.020092,104.620223,1,66.260255,18,105
82.954797,100.405756,113.058918,120.290198,134.101887,0,70.260452,16,118
62.906534,77.29182,86.46091,104.464797,110.898772,1,66.717248,15,112
83.021835,94.781643,111.589447,121.089741,134.411348,1,68.872525,15,99
70.070408,78.310863,84.637944,94.16287,104.894017,0,67.88062,16,86
77.339274,89.262261,93.525402,96.327046,99.787574,1,71.566306,17,84
76.249644,91.102067,93.561172,100.287536,111.605797,0,65.326909,14,104
63.510546,68.68551,73.965098,77.691898,83.654558,0,65.243882,15,90
65.667232,79.247628,85.40241,91.747912,102.114737,0,66.942299,14,114
50.529465,61.427314,68.19529,66.247763,76.05205,0,71.00029,18,67
63.230663,69.554107,78.746799,85.503828,89.768695,0,70.36686,16,101
80.725944,88.498418,96.183423,103.921485,111.146042,1,69.291746,18,105
66.108577,77.236638,85.697933,93.548857,100.877082,1,73.177419,15,88
89.009626,97.115148,103.21795,109.253289,126.224259,1,68.008659,18,117
77.475106,88.340271,90.81565,105.042281,112.864456,1,68.284208,16,111
76.972625,85.754146,95.684504,109.750764,123.444759,0,68.898768,17,98
76.446952,77.082378,77.616533,82.264246,85.070534,0,68.940402,15,95
67.194274,75.127255,83.855325,96.799079,105.77068,1,66.513409,16,119
74.129735,87.425047,96.516138,107.181027,117.052321,0,67.122273,15,119
66.506768,71.246821,77.123181,86.595841,93.785572,0,67.014878,18,104
56.160469,58.974398,67.601423,69.437263,74.607782,0,73.586937,17,86
59.974476,66.414757,75.993087,83.456361,85.388388,0,70.765276,16,95
81.73625,91.22119,100.116374,103.871719,108.223894,0,66.629065,16,101
70.039212,78.34771,87.35069,89.371673,99.53151,0,68.133564,15,99
66.119108,68.884059,68.154901,75.645673,82.070073,0,69.69735,16,74
87.057074,100.600715,104.711119,114.741286,123.908642,0,68.914238,17,108
81.570316,92.685611,97.68026,115.101266,128.668519,1,68.594368,16,137
71.196268,84.315867,94.569492,105.733697,113.706643,1,67.617726,17,104
95.291605,107.489178,121.086295,136.398892,150.988747,1,69.017869,19,115
57.958152,60.700787,63.477975,72.309848,79.337673,1,65.784397,16,94
80.075212,93.699855,107.019502,118.140884,122.862208,1,69.858799,17,107
58.109649,65.754818,77.484593,86.137042,95.124655,0,65.406523,15,116
81.418761,88.024129,98.673335,105.34088,117.617783,1,65.209248,14,103
66.245513,70.92826,82.63539,89.724339,96.22724,0,67.508883,17,96
44.731428,51.2422,57.825035,60.785776,67.39702,1,67.493524,15,85
64.738889,75.143754,80.038751,88.58007,92.959563,1,68.412317,14,102
83.389207,93.420055,107.45362,116.032524,123.018988,0,68.760809,17,107
59.80646,69.515832,68.869599,74.549297,88.014971,1,68.204144,13,93
61.396969,74.376379,90.901529,105.035478,115.783395,0,69.860597,16,112
74.375814,84.114533,93.369422,99.675954,111.192845,0,68.14119,17,96
69.189219,70.329021,76.893898,76.748608,78.457186,0,70.512187,16,97
64.500064,75.105607,88.111164,98.387568,108.433528,0,67.795449,16,132
64.058149,78.54253,88.005196,97.504073,101.544871,0,65.866182,16,96
70.166225,83.317742,96.545785,101.012199,110.128795,0,72.344602,14,105
62.156616,71.597567,81.797947,84.690777,95.483104,0,72.172724,15,104
70.027245,74.16287,76.074308,82.282192,85.761132,1,66.813084,15,75
65.246304,73.513642,85.893587,92.131269,102.07721,1,67.035281,17,82
55.851139,68.810287,77.112301,90.370445,97.740239,1,70.326594,15,80
75.398321,82.429062,90.374443,103.376775,113.057867,0,70.299852,16,112
53.519447,61.818049,69.814857,79.226142,84.502454,1,68.366648,16,89
80.598924,87.527629,98.388143,102.094926,108.682384,0,66.240473,17,85
74.964817,85.632312,97.650227,98.217321,112.504575,1,68.747003,15,147
79.011815,90.299045,99.682721,105.126516,117.206362,1,64.739939,17,116
60.496494,68.153882,81.265198,91.890579,102.426905,1,68.187564,16,76
85.214731,92.553104,105.985988,116.403206,123.273705,0,69.430298,16,133
67.561492,76.071349,78.598637,85.104125,95.719285,0,69.192416,16,92
77.581038,77.774857,89.574352,91.62648,99.383671,0,63.613318,17,95
72.305471,82.386699,98.455937,110.198157,122.953853,0,68.835478,17,92
67.036518,76.837181,73.855631,82.492158,83.800593,1,67.999349,15,109
73.666977,87.400331,101.589724,112.780158,125.36496,0,65.992503,17,107
77.631205,92.128004,105.265837,111.159986,126.215708,0,69.13692,16,130
78.435505,87.298874,100.044102,102.727941,113.827849,1,69.438686,17,91
67.67353,74.078893,87.092737,88.539432,102.202873,0,67.937586,19,112
66.715757,70.678336,74.993348,77.055664,86.086276,0,69.965869,14,87
65.181631,73.416079,83.297345,92.6302,103.537079,0,69.840613,16,117
76.648563,82.542766,89.371655,94.276861,97.383037,1,71.55908,15,105
71.987713,79.7925,95.799141,111.0653,121.004649,1,68.647143,14,107
60.810948,63.778519,74.610655,77.052663,84.43826,0,66.312006,16,80
52.905844,63.061585,70.577555,80.565883,91.654635,0,70.775203,17,101
88.532661,95.642825,102.885206,108.365371,121.115782,1,70.206421,18,117
76.663993,80.354277,91.921641,102.361384,107.928383,0,68.088131,14,108
66.07394,72.776445,79.658858,87.742717,98.033216,0,66.607483,15,92
70.28553,76.94704,84.3443,95.924608,108.764856,1,70.54913,14,81
87.707727,98.611989,110.474799,130.051831,136.43957,1,68.785139,16,141
72.429637,72.174406,87.814533,96.247475,104.517977,0,69.044821,17,102
66.767836,70.538698,85.401542,92.035554,97.340317,0,72.107452,17,91
70.582773,79.425707,92.192168,100.662065,104.413554,1,69.306215,16,115
64.188385,72.081009,82.11699,86.053737,96.296935,1,67.725743,13,67
82.857568,89.975198,95.805613,109.16833,117.856358,0,67.921822,15,102
66.07839,66.963615,69.161179,71.722694,72.659277,1,69.45887,12,78
67.494138,75.804509,84.550371,96.279433,108.958616,0,64.575634,17,97
59.556096,69.883419,70.691956,74.241075,77.240644,0,68.049161,16,92
72.287706,82.741616,88.54139,95.339281,104.370079,0,66.104673,16,93
65.189074,83.110531,90.913657,101.401046,114.245659,0,68.659782,18,94
67.282695,73.014274,86.257633,91.248116,104.167466,1,70.023844,17,100
76.558668,83.697512,91.87701,101.052499,105.098531,1,68.804685,17,95
64.669702,72.848484,84.801907,96.060298,105.81632,0,69.707442,20,124
71.909284,75.28546,84.445871,84.907184,95.12877,0,69.651186,17,101
73.733537,84.068074,93.741301,100.874771,113.24426,0,65.319897,16,95
51.212808,69.534207,77.821605,87.703104,99.444581,0,66.338604,17,75
66.517282,69.84474,78.437983,84.694283,97.740743,1,68.719658,17,103
68.185558,81.103794,91.868109,100.076121,108.984689,1,67.170434,17,112
85.307794,95.62291,109.387399,119.926242,134.39642,0,70.358087,19,111
75.170209,74.824708,82.711853,84.445229,83.568524,0,73.541584,15,98
80.592738,95.818633,102.213385,116.809378,125.536764,1,66.617309,16,116
68.034426,85.614839,93.697199,103.091957,118.15768,0,69.919595,18,109
71.907697,85.488233,96.515783,102.806657,117.120057,1,66.856701,16,100
84.024036,91.778635,98.598609,107.609059,114.002871,1,72.092591,15,121
87.344207,105.423159,110.113951,124.482697,137.088863,1,66.371636,15,116
72.126961,87.423789,99.24968,106.662612,126.874835,1,67.472641,17,85
62.744024,74.653823,81.244609,88.520135,97.663309,1,67.812448,17,99
87.471675,94.573396,108.800385,115.10571,126.397055,1,67.575185,16,125
64.876063,70.856338,75.170511,83.307646,83.368945,0,67.032659,16,106
68.986734,76.112671,82.099595,97.140413,99.896736,0,67.775315,17,116
74.953392,73.860315,85.302694,90.617239,95.521726,1,67.028383,18,119
63.348909,74.136789,81.273243,87.179902,97.518536,0,67.273737,12,105
68.10506,78.756952,85.191878,94.120506,99.357916,1,69.956796,16,100
69.219005,80.548228,93.314186,106.40382,120.067842,1,65.948125,16,93
67.358523,79.146924,95.037392,101.723153,110.585157,1,70.817095,16,75
68.468657,79.293321,93.297315,107.316817,117.005908,0,67.726451,17,119
80.769709,92.241322,98.256533,104.950624,116.984096,0,66.955137,16,84
72.427059,79.238661,82.682457,89.810302,94.280583,0,67.447445,16,102
72.853899,83.191197,93.749508,98.978535,109.687058,0,65.07958,14,110
63.841116,70.203006,79.454578,82.305162,93.822858,1,64.834655,18,83
64.832293,72.520149,76.710423,86.990481,105.039385,0,67.794098,15,91
79.593054,81.529119,88.556855,96.907314,97.284459,1,69.85723,17,88
79.184787,95.539565,101.178969,117.3143,130.754413,0,67.463001,16,114
68.017086,75.321126,91.102126,94.459262,101.872327,0,68.337437,14,83
84.638167,91.719766,95.052429,109.114063,118.305218,1,71.110182,18,113
61.322933,63.470888,73.154637,79.940625,88.53227,1,72.488281,16,61
52.13183,62.110876,64.776937,72.136629,79.678885,0,72.123765,17,83
86.894308,102.584939,108.710551,122.623195,128.446502,0,70.956111,19,135
53.64149,63.628394,77.721576,87.3488,103.25579,0,68.488714,16,85
68.696673,81.726623,94.558638,110.95325,121.686681,1,67.798723,14,100
73.085208,77.52047,85.223838,90.234573,94.057252,1,68.387073,15,68
65.468175,74.444803,84.378231,90.149487,99.423699,0,69.181863,16,89
85.438113,101.741956,114.79318,120.992937,135.585814,0,66.215855,18,136
63.236999,72.313511,81.410008,99.250734,107.599626,0,67.87904,17,104
80.459609,88.478832,96.439459,100.148904,106.229985,0,70.209569,16,119
74.977891,85.515241,92.53745,97.689601,110.086844,1,66.726184,18,83
54.961255,67.828634,79.831987,88.80347,93.410581,1,70.916842,14,86
78.691429,88.546574,92.4974,101.441292,104.924123,0,69.622548,16,111
83.745656,90.935129,100.511786,109.248375,119.348721,1,63.979441,17,79
54.214526,68.174309,71.883658,80.257474,93.991994,0,69.804909,13,94
77.016307,85.014621,89.867005,103.097653,113.506561,0,70.742405,17,100
73.427845,86.505745,96.993713,109.119081,117.341305,1,68.655394,18,88
63.415688,64.864275,79.029934,78.388629,90.927111,1,72.173003,17,93
75.505984,82.350538,86.943574,99.712556,107.295013,1,69.474191,16,113
58.936725,66.017751,65.274254,73.607388,76.229019,1,70.161326,17,74
74.398294,84.984555,89.899325,98.133915,109.122332,1,68.624659,16,93
77.689275,88.239926,94.394223,99.576542,111.84075,0,65.395302,13,124
75.182902,86.269449,95.834177,104.210647,114.227083,1,68.281171,18,107
73.048088,88.88464,101.331977,105.751246,124.248359,0,69.092051,17,97
87.820939,100.785637,110.204496,121.32082,130.890826,1,70.628988,18,129
70.422997,80.814321,88.719489,93.892886,106.451175,0,68.087942,16,85
75.296536,81.300769,97.51084,101.410298,111.316775,0,69.02787,17,112
71.779014,88.778166,93.793236,108.422169,116.032144,0,64.525847,15,85
76.23634,89.036227,97.654098,111.444132,124.504671,0,67.776928,16,131
63.590811,73.860956,88.429988,102.362765,117.161846,0,65.38445,16,114
64.015826,70.4758,80.949047,86.045607,95.545737,0,70.865976,17,76
71.517743,78.703659,93.512667,102.803378,112.442075,0,64.277132,18,128
55.654092,63.755808,69.69864,74.698762,87.579692,0,73.874266,16,117
70.525712,76.131429,87.953211,84.348177,96.321358,1,70.563517,15,107
76.776815,86.383396,97.762024,101.980303,111.258246,0,69.923468,15,101
54.336173,64.016724,72.025464,77.274746,91.533724,0,65.805792,17,123
58.499386,61.891671,73.401881,77.816432,81.873233,0,69.234142,17,104
85.895334,98.990392,109.79827,123.547848,132.281565,0,65.992426,18,114
76.072258,90.617189,102.608302,114.582929,119.79941,0,68.058003,20,110
70.529136,73.984066,77.516256,81.850559,89.883821,0,67.610201,15,81
78.681147,83.141262,96.169336,98.947893,108.442052,0,67.1084,17,98
73.965537,82.117654,91.337668,102.948958,111.241493,1,65.100282,15,86
72.299421,85.659599,91.334703,102.141011,112.64011,1,67.851014,16,103
87.708825,99.658528,106.332428,120.489471,130.301501,1,68.047814,18,90
50.133978,55.020561,65.709875,68.401468,75.853681,1,67.336232,13,99
87.902291,95.557466,105.237664,120.210759,118.756616,1,69.873757,14,98
61.062096,71.429317,66.635454,76.568226,86.277411,0,68.972987,16,93
78.095363,87.827726,102.224755,114.497885,122.46555,0,66.443906,16,108
59.564397,73.025305,79.218322,88.139939,96.981085,1,67.035758,16,71
64.590037,76.812854,92.300651,103.37695,111.789676,0,68.929401,17,108
65.491763,75.086291,79.718382,86.571872,94.084898,1,71.986486,16,105
64.022108,69.64022,75.378037,86.987052,93.240131,0,68.702024,14,105
74.586937,93.607958,99.425561,114.469556,120.455485,0,63.880548,14,96
67.984394,76.668341,89.61204,92.420362,102.82361,1,69.807878,15,85
83.599345,94.755714,102.360847,108.242152,122.204631,0,66.779353,16,93
72.66711,80.94794,93.865173,99.612499,111.739162,0,70.730711,18,112
72.09401,84.004351,88.565395,97.439358,103.498555,0,71.20895,17,89
63.768364,66.395992,75.821193,80.957916,92.139451,0,69.759279,16,116
71.287912,84.493138,92.702826,99.688941,108.859675,1,65.791913,15,97
71.969305,90.084949,102.649894,110.826862,128.74079,1,69.637692,16,115
47.396662,57.536184,65.163497,73.790961,81.517221,0,65.302008,18,79
58.634246,59.57463,63.945077,73.380478,78.110949,1,70.205219,18,93
72.468027,82.849185,94.722002,103.803818,113.561305,1,68.41799,17,96
65.549535,68.910685,72.832212,76.704896,85.362212,1,67.207518,17,105
67.529265,79.235046,86.931466,96.396999,99.108657,0,70.89572,17,92
77.857014,95.681239,100.272502,120.580672,127.356493,0,65.270813,18,112
74.040873,80.19818,84.158734,78.296163,89.228752,1,65.251533,14,81
72.402472,74.00718,85.422909,94.219006,99.49063,0,71.155752,17,99
60.781919,73.138866,82.683393,90.22656,97.513343,0,66.216078,16,95
70.747488,84.887152,95.759895,102.813077,115.727396,1,66.449814,16,124
77.801159,84.245302,95.078466,102.141302,109.42967,0,67.070735,16,99
71.814707,74.316158,84.711936,90.442729,96.787499,1,68.066463,17,99
67.55684,75.800983,88.890451,90.225393,100.394216,1,67.479297,17,113
60.274514,66.199863,77.680154,87.10795,96.283862,0,70.422077,19,81
56.869263,63.503085,71.36343,88.141567,92.701022,0,64.47438,15,101
69.645452,79.586693,87.739581,96.034365,107.756602,1,68.199273,17,106
83.748061,99.886677,108.36107,117.153848,125.929994,1,65.750216,18,127
66.081457,70.435356,70.98954,80.828778,83.534791,1,72.512712,14,118
82.89301,97.07545,105.652536,115.084978,119.25947,0,68.221509,19,94
71.67673,80.217509,86.124688,96.603969,103.371134,0,68.246827,13,103
49.108761,57.785119,63.548363,78.716777,82.359285,1,68.777704,15,75
71.924144,77.007026,85.903618,100.438108,110.160278,1,67.842475,16,101
50.740493,61.829624,68.322204,68.94698,77.269181,0,68.416252,16,90
60.563095,77.631436,84.934882,99.064457,112.532526,1,69.59126,17,96
66.090311,76.321326,80.836724,89.85736,98.597732,0,67.39103,14,100
85.825125,99.049907,113.845258,127.331114,148.299095,1,64.574583,19,133
78.425322,81.776774,93.133254,94.575541,106.159916,1,68.91404,16,111
81.110544,92.651677,104.967501,113.838851,131.10928,0,65.364701,15,101
50.685305,55.815099,62.849482,66.840174,64.850264,0,66.880368,14,93
63.406608,80.760032,87.904602,94.791858,105.672137,0,70.366947,14,99
75.243296,88.322197,104.203286,112.899488,124.930944,1,66.597666,18,107
53.27464,66.56926,72.209679,81.86889,94.326489,1,67.191963,16,102
49.580942,58.139512,69.745467,74.991989,82.199321,1,69.673691,15,75
84.108725,93.185172,104.7718,108.181039,121.936751,0,70.140888,15,122
68.452477,83.313178,98.600817,108.381116,121.019066,1,68.116231,16,113
55.138493,60.115052,68.92396,72.331143,79.003316,1,68.7015,15,95
84.075486,99.396346,105.240853,118.317802,133.507483,1,65.388943,17,126
74.740532,87.56821,100.227094,114.161512,125.668392,1,65.38496,16,107
70.049775,77.216579,83.248783,94.625007,100.927447,1,69.847775,15,99
86.653766,94.064703,103.653829,105.330376,112.588805,0,69.932179,18,113
68.899758,78.426389,80.374724,87.516195,88.45227,0,69.525693,16,91
67.444838,75.598421,84.502205,93.455545,99.193598,1,69.477097,15,110
63.664613,72.707852,80.680537,93.492685,96.706937,1,70.537855,16,78
70.119988,81.736058,91.296551,99.432093,112.639402,0,68.757607,17,102
60.423101,77.47361,89.009906,97.243101,117.834848,0,66.504187,17,97
65.43301,68.722986,73.329956,78.117635,85.20864,1,69.69351,14,92
75.392097,92.005174,97.711141,115.231726,121.037982,1,67.803949,18,91
65.323841,77.826883,90.159916,96.956623,113.608767,0,68.787239,16,97
80.509009,85.519381,89.693336,101.663133,100.413361,0,69.366795,18,102
64.532975,75.261156,84.438954,95.07636,103.209405,1,65.758384,15,109
81.270968,85.237188,86.426959,96.239966,98.818793,1,71.129349,13,116
57.902981,72.562653,83.261268,94.828551,106.875892,0,67.966457,15,102
60.44747,68.877177,78.932205,82.479963,92.893493,1,68.779464,16,88
75.267268,82.870918,89.463858,97.34813,106.361182,0,72.76452,16,111
68.197555,77.077044,81.162943,89.856111,92.088735,1,67.116616,14,101
68.870137,80.247589,96.08685,107.767049,117.3468,0,67.578704,18,127
78.856651,91.242282,101.274153,113.345591,127.723685,0,67.615655,15,95
65.88311,78.039108,85.270884,92.587964,101.301241,0,67.765678,16,104
76.699589,76.2598,83.387329,90.086424,98.658957,1,67.72499,13,114
63.646551,71.747163,85.094016,98.1104,104.71872,1,71.988297,19,105
79.754987,98.063473,104.039455,112.939602,129.432814,1,69.176836,17,101
60.214987,64.65004,68.897639,76.461736,78.580263,0,65.770705,15,111
79.945311,91.073245,103.082991,109.920505,118.907567,0,70.489839,17,87
71.275923,80.412134,89.825343,95.677889,103.891654,1,70.833236,15,114
69.647833,76.937778,89.099718,99.14602,103.850892,1,65.992448,18,104
66.540842,79.287775,88.655806,102.81137,119.379483,1,68.501915,17,117
64.374776,62.959248,70.610329,67.726508,78.145637,0,69.817443,16,83
69.593563,83.02505,96.308126,102.63425,113.300879,1,69.418838,15,98
66.352144,85.254537,95.107028,104.133797,110.271992,1,67.898946,15,88
77.14174,85.670081,91.072556,95.944785,97.517821,1,65.311407,15,107
69.424334,75.208267,82.058554,88.048765,94.534122,1,71.700573,17,100
51.103032,65.670255,74.225185,85.438165,85.584288,1,68.931301,15,73
63.054148,73.567997,79.817281,90.707108,102.128018,0,69.177064,16,80
65.902142,72.864168,81.812314,86.29885,93.561717,1,71.114113,15,130
63.365437,68.941202,76.865015,80.326185,90.832091,1,69.772295,15,85
71.358419,81.592226,87.353068,97.464462,104.148569,0,68.670863,16,113
54.581859,66.148293,71.534271,81.842872,92.263676,0,67.829724,17,105
77.883751,92.365909,101.329484,106.81072,118.944004,0,69.743715,17,100
86.487523,100.004854,107.35266,119.963626,132.835367,0,68.092262,17,136
71.234447,77.444598,80.815487,90.301504,93.97721,1,68.283667,16,76
80.13828,84.820085,92.298293,96.401549,106.105626,1,68.646917,17,115
76.366737,72.185787,79.456169,84.00928,86.783152,0,69.775677,17,91
78.771308,88.839792,94.684926,103.673087,112.845817,0,72.559846,18,106
67.5771,83.38312,89.562333,100.8362,114.168225,0,71.275296,16,132
67.637224,76.206798,87.401047,91.97419,108.637122,0,68.606484,16,85
63.930313,87.104108,91.252212,103.860573,117.852169,0,67.870007,17,109
73.013706,84.47618,92.516219,97.603686,110.081075,1,68.086342,16,115
73.360641,86.89323,97.889653,104.912705,117.583536,1,69.485892,17,98
83.966403,91.114738,101.419647,110.811619,124.796655,0,64.990604,18,131
79.475975,88.008134,97.504818,100.534974,108.062777,1,70.407556,17,113
67.581808,84.833304,94.526116,101.769459,114.58601,1,69.511027,16,87
62.026225,73.888265,81.519459,89.969843,97.466496,1,71.627508,18,82
69.332057,84.086096,88.815991,98.378782,109.500109,1,67.699547,15,90
59.865252,72.781814,69.946537,79.520647,83.03302,1,68.233851,15,91
73.737211,89.744712,106.053696,113.900224,126.677865,1,66.672513,16,125
73.982422,78.888107,86.010088,87.307842,95.303457,1,72.001574,16,79
73.172721,85.897944,93.923966,104.279656,113.751426,0,68.982143,16,127
60.800888,72.927323,79.799614,92.142349,104.870551,0,71.278807,15,103
71.999886,77.844934,90.305997,93.240664,97.14571,1,70.462965,15,95
65.947018,72.210999,82.056652,94.982104,99.090223,0,69.117393,16,98
73.048229,86.392477,97.940716,105.107599,111.768121,0,71.80094,16,93
75.522079,92.718488,102.024012,112.516759,128.416652,1,67.047243,17,117
60.6641,70.926907,78.697531,85.987113,92.58724,1,68.150553,14,86
65.493771,76.408157,84.903754,92.219707,99.443711,0,70.215777,15,109
72.270233,81.494415,95.028281,103.284759,110.688824,0,70.02514,15,87
83.717801,90.317499,91.377289,99.490051,109.363912,1,69.942235,15,113
69.768321,69.769652,81.382565,93.696781,92.846365,1,72.632764,16,97
59.969107,74.593863,87.868866,94.830554,115.470125,0,66.496182,13,126
88.133387,93.219563,101.97588,108.329675,111.478465,1,67.723191,15,114
62.372926,72.495488,78.521954,86.395071,97.001131,0,70.371132,17,87
76.80435,87.346412,91.974377,102.332091,112.103191,0,67.356967,17,120
86.088226,101.513782,109.795781,119.052072,127.083812,1,71.058755,18,134
73.762798,84.34395,91.23723,97.643865,101.757144,0,67.08332,17,103
63.467543,67.778705,76.314836,80.17921,85.184106,0,69.033269,15,79
75.701067,88.901193,102.537824,112.246601,124.569773,1,62.983199,16,107
68.449451,79.540584,85.62865,95.209607,98.642927,1,69.828852,15,100
73.24289,87.996578,102.65135,111.559552,122.411318,1,67.606716,18,120
70.750994,82.168737,88.072395,95.267973,106.343468,1,71.398223,15,93
86.315539,94.28867,99.87532,113.550522,119.838648,1,68.910987,17,104
74.526926,84.789723,98.247789,108.652677,117.950511,1,71.287668,18,113
72.605274,82.375529,89.728205,102.757494,122.126832,1,70.908337,16,109
67.833237,73.331925,80.689736,88.243422,96.736564,1,70.315237,16,77
66.067005,78.346611,80.659659,90.661697,94.657243,0,67.60781,16,92
54.510417,57.706525,63.413107,70.425748,72.711186,1,72.394252,14,37
68.737507,79.315683,84.869548,92.642694,102.6147,1,66.090648,15,112
65.124828,80.663103,84.772295,99.887451,110.473157,0,67.885252,18,105
79.447039,80.576241,87.592471,89.430513,100.06481,1,67.275565,16,91
80.120285,85.342661,100.224357,106.353636,119.936164,0,65.955397,16,125
62.913483,69.576103,75.899409,85.149319,90.855633,0,67.737129,15,88
63.935998,74.04562,86.340101,96.813902,109.848252,0,69.606992,17,113
67.738072,78.268973,95.304284,108.157188,122.638963,1,66.430132,17,125
50.908267,58.797585,65.352822,71.923588,76.83723,0,68.513963,15,95
57.013029,57.856904,66.585695,76.092058,78.712439,1,67.885062,16,80
73.51738,87.500904,94.958349,105.762851,111.231111,0,70.115268,18,123
69.083139,90.273906,103.438738,119.925917,132.842317,1,66.441692,16,118
67.25183,68.492872,75.004833,80.852049,89.907918,1,72.667585,15,89
76.109552,78.311002,96.461072,99.929223,107.444758,0,68.596188,17,112
64.568223,79.008236,90.358954,102.421583,104.930909,1,69.057169,17,93
68.880999,83.677258,98.659813,112.665903,123.987325,0,66.066812,13,98
55.617636,74.019562,88.269433,93.482831,112.444253,0,72.313813,15,115
66.011502,74.17223,81.170769,90.164349,95.104871,0,67.967159,16,103
66.102489,65.176831,71.117372,73.793262,81.975444,1,67.827744,15,88
64.079697,75.687974,88.219775,96.450649,101.281926,0,68.601489,17,104
72.975581,84.632646,86.391043,100.124068,107.843542,0,67.003242,16,105
93.845606,100.188597,107.020062,116.210279,127.14623,0,68.831689,17,138
67.363659,82.058136,88.716671,98.154258,111.8535,0,68.1037,15,109
50.431656,61.44966,75.939116,83.342896,94.058292,1,64.354721,18,98
70.583012,84.343723,89.050494,94.858362,107.129929,1,68.590787,15,97
65.205534,79.002157,85.135919,94.616513,106.835107,1,67.550413,14,109
72.129188,84.128016,96.756076,106.560396,119.802939,1,68.285147,18,111
60.722937,71.090607,81.135877,88.724264,99.348606,1,71.327726,16,121
60.861267,77.058014,91.990351,100.826212,119.575694,1,68.000044,15,104
70.297946,83.179136,91.685149,99.805269,108.157504,0,69.103858,19,96
76.74249,84.409783,92.84789,91.858511,104.279434,1,66.743566,18,96
64.160088,73.491722,79.378759,86.822539,93.628076,0,67.940134,17,89
61.677134,66.931221,75.910143,82.1987,92.56511,0,69.147863,15,87
57.901413,60.639547,68.109336,73.209055,75.460457,1,68.931497,14,95
70.094567,79.819677,87.982146,99.706987,112.998715,1,70.082308,15,104
80.613082,87.106139,94.783264,103.52243,110.778259,1,69.502388,16,107
85.34999,100.806722,104.595785,119.800873,133.152915,0,71.696252,15,115
81.125543,84.601892,97.904294,101.728442,112.223746,1,68.813658,16,85
62.816633,63.186925,70.974543,76.532877,83.258141,1,67.474858,15,61
69.801268,79.607556,97.220145,105.991194,123.76313,0,67.635438,17,148
71.615207,81.787565,89.433497,99.406586,113.492607,0,73.020157,16,90
72.676833,85.999132,97.331073,104.369391,118.443975,0,71.730808,17,112
61.495843,70.115483,77.042887,85.591905,96.3526,0,65.783544,20,90
80.87303,94.522791,112.580629,122.738376,133.047886,1,69.818148,16,110
70.957065,73.839071,84.017098,92.413656,99.906975,0,70.605454,14,87
67.71882,76.01938,84.538779,91.57344,103.394411,0,64.749396,17,95
66.402498,71.526824,78.87261,89.465556,95.39603,0,74.017977,17,85
63.874247,72.366704,77.77783,82.009471,87.724522,0,66.323857,16,104
68.332802,74.596838,82.841886,90.592232,96.409281,0,67.390709,18,96
79.028059,85.693785,98.996523,106.758631,114.965581,0,67.830121,15,108
59.869425,66.268704,75.056148,78.557014,82.504135,0,66.981466,17,114
72.031521,78.942652,88.013887,94.277633,95.81645,1,72.100834,16,93
67.686317,73.657183,80.489439,81.138036,87.53541,0,69.599296,15,88
70.533739,82.692716,86.398523,103.302237,110.372369,0,66.70656,16,95
80.003521,83.525965,88.577758,87.792746,97.966487,0,70.610627,17,88
74.812719,87.321502,94.804779,102.67153,115.752933,1,69.357895,19,113
71.746451,84.645585,88.055897,104.626353,109.049547,0,68.689793,15,127
66.951981,75.345634,84.114299,86.619362,93.8223,0,67.557459,16,90
74.823121,87.483699,103.550227,116.852107,130.699187,1,67.400643,14,131
76.187841,90.581614,108.838998,118.988054,135.049769,1,69.061237,17,125
80.100494,92.587759,100.790869,105.300772,114.825951,1,68.593468,17,95
82.776281,91.634092,101.707608,108.495372,114.723056,1,70.117734,16,131
78.744205,84.108245,91.085215,96.339803,105.726604,1,70.041557,16,103
78.892655,83.267255,89.760877,97.553046,106.629806,1,68.031957,16,82
69.812037,72.896509,84.409043,91.791055,99.753429,0,68.898427,18,100
60.041695,65.316749,72.670431,75.102544,85.439708,0,68.463842,14,104
66.213665,79.578536,89.77018,104.067121,113.519866,1,73.449551,17,105
68.426819,75.960906,79.951974,89.540659,97.41786,0,68.010968,17,88
90.892534,94.278024,103.406884,112.063337,118.072043,0,66.410795,16,109
80.523853,91.420323,104.67606,111.019122,121.926041,0,67.856906,15,126
58.289008,67.549291,72.73222,82.488108,93.307596,0,67.905787,17,78
90.50488,96.290415,103.717898,108.09374,117.318854,1,68.599223,18,116
70.723581,82.879638,94.242433,111.27959,117.955107,1,66.877675,16,94
49.562229,63.129982,69.798612,77.888287,84.291801,1,69.20709,17,101
69.033658,72.976861,83.343626,91.138418,101.113004,1,70.991566,16,99
45.110684,48.682004,54.882102,57.712576,64.383519,0,70.830639,15,79
69.057916,90.315024,103.059104,109.532616,124.05793,1,69.3954,18,127
